kper,layer,row,column,rate,Orgc,O(0),C(+4),C(-4),Ca,Cl,Fe(+2),Fe(+3),K,Mg,N(+3),N(+5),Na,S(-2),S(6),Si,Amm,N(0),Tmp,pH,pe,Ferrihydrite,Orgmatter,Ca_ex,Fe_ex,K_ex,Mg_ex,Na_ex,Pyrite
0,1,9,38,117.5,0.0001,5.19E-04,2.28E-03,0,1.77E-03,2.48E-03,0,3.58E-08,1.48E-04,3.91E-04,0,2.66E-04,1.78E-03,0,7.19E-04,1.78E-05,0,0,0.0179,7.3,4,0,0,0,0,0,0,0,0
0,2,9,38,40,0.0001,5.19E-04,2.28E-03,0,1.77E-03,2.48E-03,0,3.58E-08,1.48E-04,3.91E-04,0,2.66E-04,1.78E-03,0,7.19E-04,1.78E-05,0,0,0.0179,7.3,4,0,0,0,0,0,0,0,0
0,3,9,38,70,0.0001,5.19E-04,2.28E-03,0,1.77E-03,2.48E-03,0,3.58E-08,1.48E-04,3.91E-04,0,2.66E-04,1.78E-03,0,7.19E-04,1.78E-05,0,0,0.0179,7.3,4,0,0,0,0,0,0,0,0
0,5,9,38,95,0.0001,5.19E-04,2.28E-03,0,1.77E-03,2.48E-03,0,3.58E-08,1.48E-04,3.91E-04,0,2.66E-04,1.78E-03,0,7.19E-04,1.78E-05,0,0,0.0179,7.3,4,0,0,0,0,0,0,0,0
0,7,9,38,37.5,0.0001,5.19E-04,2.28E-03,0,1.77E-03,2.48E-03,0,3.58E-08,1.48E-04,3.91E-04,0,2.66E-04,1.78E-03,0,7.19E-04,1.78E-05,0,0,0.0179,7.3,4,0,0,0,0,0,0,0,0
1,1,9,38,117.5,0.0001,5.00E-04,2.25E-03,0,1.82E-03,2.48E-03,0,3.58E-08,1.41E-04,4.12E-04,0,2.42E-04,1.83E-03,0,8.23E-04,1.78E-05,0,0,0.0197,7.35,4,0,0,0,0,0,0,0,0
1,2,9,38,40,0.0001,5.00E-04,2.25E-03,0,1.82E-03,2.48E-03,0,3.58E-08,1.41E-04,4.12E-04,0,2.42E-04,1.83E-03,0,8.23E-04,1.78E-05,0,0,0.0197,7.35,4,0,0,0,0,0,0,0,0
1,3,9,38,70,0.0001,5.00E-04,2.25E-03,0,1.82E-03,2.48E-03,0,3.58E-08,1.41E-04,4.12E-04,0,2.42E-04,1.83E-03,0,8.23E-04,1.78E-05,0,0,0.0197,7.35,4,0,0,0,0,0,0,0,0
1,5,9,38,95,0.0001,5.00E-04,2.25E-03,0,1.82E-03,2.48E-03,0,3.58E-08,1.41E-04,4.12E-04,0,2.42E-04,1.83E-03,0,8.23E-04,1.78E-05,0,0,0.0197,7.35,4,0,0,0,0,0,0,0,0
1,7,9,38,37.5,0.0001,5.00E-04,2.25E-03,0,1.82E-03,2.48E-03,0,3.58E-08,1.41E-04,4.12E-04,0,2.42E-04,1.83E-03,0,8.23E-04,1.78E-05,0,0,0.0197,7.35,4,0,0,0,0,0,0,0,0
2,1,9,38,117.5,0.0001,5.06E-04,2.36E-03,0,1.85E-03,2.51E-03,0,3.58E-08,1.43E-04,4.12E-04,0,2.42E-04,1.87E-03,0,8.13E-04,2.85E-05,0,0,0.0203,7.3,4,0,0,0,0,0,0,0,0
2,2,9,38,40,0.0001,5.06E-04,2.36E-03,0,1.85E-03,2.51E-03,0,3.58E-08,1.43E-04,4.12E-04,0,2.42E-04,1.87E-03,0,8.13E-04,2.85E-05,0,0,0.0203,7.3,4,0,0,0,0,0,0,0,0
2,3,9,38,70,0.0001,5.06E-04,2.36E-03,0,1.85E-03,2.51E-03,0,3.58E-08,1.43E-04,4.12E-04,0,2.42E-04,1.87E-03,0,8.13E-04,2.85E-05,0,0,0.0203,7.3,4,0,0,0,0,0,0,0,0
2,5,9,38,95,0.0001,5.06E-04,2.36E-03,0,1.85E-03,2.51E-03,0,3.58E-08,1.43E-04,4.12E-04,0,2.42E-04,1.87E-03,0,8.13E-04,2.85E-05,0,0,0.0203,7.3,4,0,0,0,0,0,0,0,0
2,7,9,38,37.5,0.0001,5.06E-04,2.36E-03,0,1.85E-03,2.51E-03,0,3.58E-08,1.43E-04,4.12E-04,0,2.42E-04,1.87E-03,0,8.13E-04,2.85E-05,0,0,0.0203,7.3,4,0,0,0,0,0,0,0,0
3,1,9,38,117.5,0.0001,4.56E-04,2.44E-03,0,1.92E-03,2.86E-03,0,3.58E-08,1.64E-04,4.12E-04,0,2.50E-04,2.13E-03,0,8.13E-04,4.27E-05,0,0,0.0222,7.3,4,0,0,0,0,0,0,0,0
3,2,9,38,40,0.0001,4.56E-04,2.44E-03,0,1.92E-03,2.86E-03,0,3.58E-08,1.64E-04,4.12E-04,0,2.50E-04,2.13E-03,0,8.13E-04,4.27E-05,0,0,0.0222,7.3,4,0,0,0,0,0,0,0,0
3,3,9,38,70,0.0001,4.56E-04,2.44E-03,0,1.92E-03,2.86E-03,0,3.58E-08,1.64E-04,4.12E-04,0,2.50E-04,2.13E-03,0,8.13E-04,4.27E-05,0,0,0.0222,7.3,4,0,0,0,0,0,0,0,0
3,5,9,38,95,0.0001,4.56E-04,2.44E-03,0,1.92E-03,2.86E-03,0,3.58E-08,1.64E-04,4.12E-04,0,2.50E-04,2.13E-03,0,8.13E-04,4.27E-05,0,0,0.0222,7.3,4,0,0,0,0,0,0,0,0
3,7,9,38,37.5,0.0001,4.56E-04,2.44E-03,0,1.92E-03,2.86E-03,0,3.58E-08,1.64E-04,4.12E-04,0,2.50E-04,2.13E-03,0,8.13E-04,4.27E-05,0,0,0.0222,7.3,4,0,0,0,0,0,0,0,0
4,1,9,38,117.5,0.0001,4.56E-04,2.48E-03,0,1.82E-03,2.58E-03,0,3.58E-08,1.59E-04,3.95E-04,0,2.42E-04,2.04E-03,0,7.92E-04,6.05E-05,0,0,0.021,7.25,4,0,0,0,0,0,0,0,0
4,2,9,38,40,0.0001,4.56E-04,2.48E-03,0,1.82E-03,2.58E-03,0,3.58E-08,1.59E-04,3.95E-04,0,2.42E-04,2.04E-03,0,7.92E-04,6.05E-05,0,0,0.021,7.25,4,0,0,0,0,0,0,0,0
4,3,9,38,70,0.0001,4.56E-04,2.48E-03,0,1.82E-03,2.58E-03,0,3.58E-08,1.59E-04,3.95E-04,0,2.42E-04,2.04E-03,0,7.92E-04,6.05E-05,0,0,0.021,7.25,4,0,0,0,0,0,0,0,0
4,5,9,38,95,0.0001,4.56E-04,2.48E-03,0,1.82E-03,2.58E-03,0,3.58E-08,1.59E-04,3.95E-04,0,2.42E-04,2.04E-03,0,7.92E-04,6.05E-05,0,0,0.021,7.25,4,0,0,0,0,0,0,0,0
4,7,9,38,37.5,0.0001,4.56E-04,2.48E-03,0,1.82E-03,2.58E-03,0,3.58E-08,1.59E-04,3.95E-04,0,2.42E-04,2.04E-03,0,7.92E-04,6.05E-05,0,0,0.021,7.25,4,0,0,0,0,0,0,0,0
5,1,9,38,117.5,0.0001,4.63E-04,2.45E-03,0,1.95E-03,2.91E-03,0,3.58E-08,1.69E-04,4.53E-04,0,2.58E-04,2.22E-03,0,8.96E-04,4.63E-05,0,0,0.0212,7.3,4,0,0,0,0,0,0,0,0
5,2,9,38,40,0.0001,4.63E-04,2.45E-03,0,1.95E-03,2.91E-03,0,3.58E-08,1.69E-04,4.53E-04,0,2.58E-04,2.22E-03,0,8.96E-04,4.63E-05,0,0,0.0212,7.3,4,0,0,0,0,0,0,0,0
5,3,9,38,70,0.0001,4.63E-04,2.45E-03,0,1.95E-03,2.91E-03,0,3.58E-08,1.69E-04,4.53E-04,0,2.58E-04,2.22E-03,0,8.96E-04,4.63E-05,0,0,0.0212,7.3,4,0,0,0,0,0,0,0,0
5,5,9,38,95,0.0001,4.63E-04,2.45E-03,0,1.95E-03,2.91E-03,0,3.58E-08,1.69E-04,4.53E-04,0,2.58E-04,2.22E-03,0,8.96E-04,4.63E-05,0,0,0.0212,7.3,4,0,0,0,0,0,0,0,0
5,7,9,38,37.5,0.0001,4.63E-04,2.45E-03,0,1.95E-03,2.91E-03,0,3.58E-08,1.69E-04,4.53E-04,0,2.58E-04,2.22E-03,0,8.96E-04,4.63E-05,0,0,0.0212,7.3,4,0,0,0,0,0,0,0,0
6,1,9,38,117.5,0.0001,4.44E-04,2.51E-03,0,1.95E-03,2.77E-03,0,3.58E-08,1.64E-04,4.12E-04,0,2.50E-04,2.22E-03,0,8.85E-04,7.12E-05,0,0,0.0207,7.35,4,0,0,0,0,0,0,0,0
6,2,9,38,40,0.0001,4.44E-04,2.51E-03,0,1.95E-03,2.77E-03,0,3.58E-08,1.64E-04,4.12E-04,0,2.50E-04,2.22E-03,0,8.85E-04,7.12E-05,0,0,0.0207,7.35,4,0,0,0,0,0,0,0,0
6,3,9,38,70,0.0001,4.44E-04,2.51E-03,0,1.95E-03,2.77E-03,0,3.58E-08,1.64E-04,4.12E-04,0,2.50E-04,2.22E-03,0,8.85E-04,7.12E-05,0,0,0.0207,7.35,4,0,0,0,0,0,0,0,0
6,5,9,38,95,0.0001,4.44E-04,2.51E-03,0,1.95E-03,2.77E-03,0,3.58E-08,1.64E-04,4.12E-04,0,2.50E-04,2.22E-03,0,8.85E-04,7.12E-05,0,0,0.0207,7.35,4,0,0,0,0,0,0,0,0
6,7,9,38,37.5,0.0001,4.44E-04,2.51E-03,0,1.95E-03,2.77E-03,0,3.58E-08,1.64E-04,4.12E-04,0,2.50E-04,2.22E-03,0,8.85E-04,7.12E-05,0,0,0.0207,7.35,4,0,0,0,0,0,0,0,0
7,1,9,38,117.5,0.0001,4.44E-04,2.38E-03,0,2.00E-03,3.24E-03,0,3.58E-08,1.69E-04,4.53E-04,0,2.98E-04,2.26E-03,0,8.23E-04,7.12E-05,0,0,0.022,7.25,4,0,0,0,0,0,0,0,0
7,2,9,38,40,0.0001,4.44E-04,2.38E-03,0,2.00E-03,3.24E-03,0,3.58E-08,1.69E-04,4.53E-04,0,2.98E-04,2.26E-03,0,8.23E-04,7.12E-05,0,0,0.022,7.25,4,0,0,0,0,0,0,0,0
7,3,9,38,70,0.0001,4.44E-04,2.38E-03,0,2.00E-03,3.24E-03,0,3.58E-08,1.69E-04,4.53E-04,0,2.98E-04,2.26E-03,0,8.23E-04,7.12E-05,0,0,0.022,7.25,4,0,0,0,0,0,0,0,0
7,5,9,38,95,0.0001,4.44E-04,2.38E-03,0,2.00E-03,3.24E-03,0,3.58E-08,1.69E-04,4.53E-04,0,2.98E-04,2.26E-03,0,8.23E-04,7.12E-05,0,0,0.022,7.25,4,0,0,0,0,0,0,0,0
7,7,9,38,37.5,0.0001,4.44E-04,2.38E-03,0,2.00E-03,3.24E-03,0,3.58E-08,1.69E-04,4.53E-04,0,2.98E-04,2.26E-03,0,8.23E-04,7.12E-05,0,0,0.022,7.25,4,0,0,0,0,0,0,0,0
8,1,9,38,117.5,0.0001,5.00E-04,2.06E-03,0,1.67E-03,2.76E-03,0,3.58E-08,1.61E-04,3.70E-04,0,2.42E-04,1.96E-03,0,6.88E-04,6.77E-05,0,0,0.0181,7.2,4,0,0,0,0,0,0,0,0
8,2,9,38,40,0.0001,5.00E-04,2.06E-03,0,1.67E-03,2.76E-03,0,3.58E-08,1.61E-04,3.70E-04,0,2.42E-04,1.96E-03,0,6.88E-04,6.77E-05,0,0,0.0181,7.2,4,0,0,0,0,0,0,0,0
8,3,9,38,70,0.0001,5.00E-04,2.06E-03,0,1.67E-03,2.76E-03,0,3.58E-08,1.61E-04,3.70E-04,0,2.42E-04,1.96E-03,0,6.88E-04,6.77E-05,0,0,0.0181,7.2,4,0,0,0,0,0,0,0,0
8,5,9,38,95,0.0001,5.00E-04,2.06E-03,0,1.67E-03,2.76E-03,0,3.58E-08,1.61E-04,3.70E-04,0,2.42E-04,1.96E-03,0,6.88E-04,6.77E-05,0,0,0.0181,7.2,4,0,0,0,0,0,0,0,0
8,7,9,38,37.5,0.0001,5.00E-04,2.06E-03,0,1.67E-03,2.76E-03,0,3.58E-08,1.61E-04,3.70E-04,0,2.42E-04,1.96E-03,0,6.88E-04,6.77E-05,0,0,0.0181,7.2,4,0,0,0,0,0,0,0,0
9,1,9,38,117.5,0.0001,5.31E-04,1.98E-03,0,1.65E-03,0.0027196,0,3.58E-08,1.99E-04,4.12E-04,0,2.66E-04,1.78E-03,0,7.19E-04,9.97E-05,0,0,0.0163,7.05,4,0,0,0,0,0,0,0,0
9,2,9,38,40,0.0001,5.31E-04,1.98E-03,0,1.65E-03,0.0027196,0,3.58E-08,1.99E-04,4.12E-04,0,2.66E-04,1.78E-03,0,7.19E-04,9.97E-05,0,0,0.0163,7.05,4,0,0,0,0,0,0,0,0
9,3,9,38,70,0.0001,5.31E-04,1.98E-03,0,1.65E-03,0.0027196,0,3.58E-08,1.99E-04,4.12E-04,0,2.66E-04,1.78E-03,0,7.19E-04,9.97E-05,0,0,0.0163,7.05,4,0,0,0,0,0,0,0,0
9,5,9,38,95,0.0001,5.31E-04,1.98E-03,0,1.65E-03,0.0027196,0,3.58E-08,1.99E-04,4.12E-04,0,2.66E-04,1.78E-03,0,7.19E-04,9.97E-05,0,0,0.0163,7.05,4,0,0,0,0,0,0,0,0
9,7,9,38,37.5,0.0001,5.31E-04,1.98E-03,0,1.65E-03,0.0027196,0,3.58E-08,1.99E-04,4.12E-04,0,2.66E-04,1.78E-03,0,7.19E-04,9.97E-05,0,0,0.0163,7.05,4,0,0,0,0,0,0,0,0
10,1,9,38,117.5,0.0001,5.19E-04,1.89E-03,0,1.62E-03,2.46E-03,0,3.58E-08,1.61E-04,3.62E-04,0,2.82E-04,1.65E-03,0,7.19E-04,1.28E-04,0,0,0.0148,7.05,4,0,0,0,0,0,0,0,0
10,2,9,38,40,0.0001,5.19E-04,1.89E-03,0,1.62E-03,2.46E-03,0,3.58E-08,1.61E-04,3.62E-04,0,2.82E-04,1.65E-03,0,7.19E-04,1.28E-04,0,0,0.0148,7.05,4,0,0,0,0,0,0,0,0
10,3,9,38,70,0.0001,5.19E-04,1.89E-03,0,1.62E-03,2.46E-03,0,3.58E-08,1.61E-04,3.62E-04,0,2.82E-04,1.65E-03,0,7.19E-04,1.28E-04,0,0,0.0148,7.05,4,0,0,0,0,0,0,0,0
10,5,9,38,95,0.0001,5.19E-04,1.89E-03,0,1.62E-03,2.46E-03,0,3.58E-08,1.61E-04,3.62E-04,0,2.82E-04,1.65E-03,0,7.19E-04,1.28E-04,0,0,0.0148,7.05,4,0,0,0,0,0,0,0,0
10,7,9,38,37.5,0.0001,5.19E-04,1.89E-03,0,1.62E-03,2.46E-03,0,3.58E-08,1.61E-04,3.62E-04,0,2.82E-04,1.65E-03,0,7.19E-04,1.28E-04,0,0,0.0148,7.05,4,0,0,0,0,0,0,0,0
11,1,9,38,117.5,0.0001,5.50E-04,2.13E-03,0,0.0016477,2.51E-03,0,3.58E-08,1.61E-04,3.70E-04,0,3.39E-04,1.78E-03,0,6.77E-04,1.35E-04,0,0,0.0143,7,4,0,0,0,0,0,0,0,0
11,2,9,38,40,0.0001,5.50E-04,2.13E-03,0,0.0016477,2.51E-03,0,3.58E-08,1.61E-04,3.70E-04,0,3.39E-04,1.78E-03,0,6.77E-04,1.35E-04,0,0,0.0143,7,4,0,0,0,0,0,0,0,0
11,3,9,38,70,0.0001,5.50E-04,2.13E-03,0,0.0016477,2.51E-03,0,3.58E-08,1.61E-04,3.70E-04,0,3.39E-04,1.78E-03,0,6.77E-04,1.35E-04,0,0,0.0143,7,4,0,0,0,0,0,0,0,0
11,5,9,38,95,0.0001,5.50E-04,2.13E-03,0,0.0016477,2.51E-03,0,3.58E-08,1.61E-04,3.70E-04,0,3.39E-04,1.78E-03,0,6.77E-04,1.35E-04,0,0,0.0143,7,4,0,0,0,0,0,0,0,0
11,7,9,38,37.5,0.0001,5.50E-04,2.13E-03,0,0.0016477,2.51E-03,0,3.58E-08,1.61E-04,3.70E-04,0,3.39E-04,1.78E-03,0,6.77E-04,1.35E-04,0,0,0.0143,7,4,0,0,0,0,0,0,0,0
12,1,9,38,117.5,0.0001,5.69E-04,2.34E-03,0,1.72E-03,2.77E-03,0,3.58E-08,1.61E-04,3.83E-04,0,3.31E-04,2.04E-03,0,6.46E-04,1.78E-04,0,0,0.0137,7.1,4,0,0,0,0,0,0,0,0
12,2,9,38,40,0.0001,5.69E-04,2.34E-03,0,1.72E-03,2.77E-03,0,3.58E-08,1.61E-04,3.83E-04,0,3.31E-04,2.04E-03,0,6.46E-04,1.78E-04,0,0,0.0137,7.1,4,0,0,0,0,0,0,0,0
12,3,9,38,70,0.0001,5.69E-04,2.34E-03,0,1.72E-03,2.77E-03,0,3.58E-08,1.61E-04,3.83E-04,0,3.31E-04,2.04E-03,0,6.46E-04,1.78E-04,0,0,0.0137,7.1,4,0,0,0,0,0,0,0,0
12,5,9,38,95,0.0001,5.69E-04,2.34E-03,0,1.72E-03,2.77E-03,0,3.58E-08,1.61E-04,3.83E-04,0,3.31E-04,2.04E-03,0,6.46E-04,1.78E-04,0,0,0.0137,7.1,4,0,0,0,0,0,0,0,0
12,7,9,38,37.5,0.0001,5.69E-04,2.34E-03,0,1.72E-03,2.77E-03,0,3.58E-08,1.61E-04,3.83E-04,0,3.31E-04,2.04E-03,0,6.46E-04,1.78E-04,0,0,0.0137,7.1,4,0,0,0,0,0,0,0,0
13,1,9,38,117.5,0.0001,6.00E-04,2.47E-03,0,1.65E-03,2.49E-03,0,3.58E-08,1.76E-04,3.62E-04,0,3.31E-04,1.91E-03,0,6.15E-04,1.78E-04,0,0,0.0112,7,4,0,0,0,0,0,0,0,0
13,2,9,38,40,0.0001,6.00E-04,2.47E-03,0,1.65E-03,2.49E-03,0,3.58E-08,1.76E-04,3.62E-04,0,3.31E-04,1.91E-03,0,6.15E-04,1.78E-04,0,0,0.0112,7,4,0,0,0,0,0,0,0,0
13,3,9,38,70,0.0001,6.00E-04,2.47E-03,0,1.65E-03,2.49E-03,0,3.58E-08,1.76E-04,3.62E-04,0,3.31E-04,1.91E-03,0,6.15E-04,1.78E-04,0,0,0.0112,7,4,0,0,0,0,0,0,0,0
13,5,9,38,95,0.0001,6.00E-04,2.47E-03,0,1.65E-03,2.49E-03,0,3.58E-08,1.76E-04,3.62E-04,0,3.31E-04,1.91E-03,0,6.15E-04,1.78E-04,0,0,0.0112,7,4,0,0,0,0,0,0,0,0
13,7,9,38,37.5,0.0001,6.00E-04,2.47E-03,0,1.65E-03,2.49E-03,0,3.58E-08,1.76E-04,3.62E-04,0,3.31E-04,1.91E-03,0,6.15E-04,1.78E-04,0,0,0.0112,7,4,0,0,0,0,0,0,0,0
14,1,9,38,117.5,0.0001,7.06E-04,2.41E-03,0,1.70E-03,2.54E-03,0,3.58E-08,1.92E-04,3.54E-04,0,4.03E-04,1.78E-03,0,5.63E-04,2.49E-04,0,0,0.0078,7,4,0,0,0,0,0,0,0,0
14,2,9,38,40,0.0001,7.06E-04,2.41E-03,0,1.70E-03,2.54E-03,0,3.58E-08,1.92E-04,3.54E-04,0,4.03E-04,1.78E-03,0,5.63E-04,2.49E-04,0,0,0.0078,7,4,0,0,0,0,0,0,0,0
14,3,9,38,70,0.0001,7.06E-04,2.41E-03,0,1.70E-03,2.54E-03,0,3.58E-08,1.92E-04,3.54E-04,0,4.03E-04,1.78E-03,0,5.63E-04,2.49E-04,0,0,0.0078,7,4,0,0,0,0,0,0,0,0
14,5,9,38,95,0.0001,7.06E-04,2.41E-03,0,1.70E-03,2.54E-03,0,3.58E-08,1.92E-04,3.54E-04,0,4.03E-04,1.78E-03,0,5.63E-04,2.49E-04,0,0,0.0078,7,4,0,0,0,0,0,0,0,0
14,7,9,38,37.5,0.0001,7.06E-04,2.41E-03,0,1.70E-03,2.54E-03,0,3.58E-08,1.92E-04,3.54E-04,0,4.03E-04,1.78E-03,0,5.63E-04,2.49E-04,0,0,0.0078,7,4,0,0,0,0,0,0,0,0
15,1,9,38,117.5,0.0001,7.13E-04,2.03E-03,0,1.45E-03,1.83E-03,0,3.58E-08,1.25E-04,2.72E-04,0,4.03E-04,1.00E-03,0,3.75E-04,2.85E-04,0,0,0.005,6.85,4,0,0,0,0,0,0,0,0
15,2,9,38,40,0.0001,7.13E-04,2.03E-03,0,1.45E-03,1.83E-03,0,3.58E-08,1.25E-04,2.72E-04,0,4.03E-04,1.00E-03,0,3.75E-04,2.85E-04,0,0,0.005,6.85,4,0,0,0,0,0,0,0,0
15,3,9,38,70,0.0001,7.13E-04,2.03E-03,0,1.45E-03,1.83E-03,0,3.58E-08,1.25E-04,2.72E-04,0,4.03E-04,1.00E-03,0,3.75E-04,2.85E-04,0,0,0.005,6.85,4,0,0,0,0,0,0,0,0
15,5,9,38,95,0.0001,7.13E-04,2.03E-03,0,1.45E-03,1.83E-03,0,3.58E-08,1.25E-04,2.72E-04,0,4.03E-04,1.00E-03,0,3.75E-04,2.85E-04,0,0,0.005,6.85,4,0,0,0,0,0,0,0,0
15,7,9,38,37.5,0.0001,7.13E-04,2.03E-03,0,1.45E-03,1.83E-03,0,3.58E-08,1.25E-04,2.72E-04,0,4.03E-04,1.00E-03,0,3.75E-04,2.85E-04,0,0,0.005,6.85,4,0,0,0,0,0,0,0,0
16,1,9,38,117.5,0.0001,8.13E-04,3.15E-03,0,1.87E-03,1.82E-03,0,3.58E-08,1.23E-04,3.25E-04,0,3.55E-04,1.26E-03,0,4.90E-04,3.03E-04,0,0,0.0019,7,4,0,0,0,0,0,0,0,0
16,2,9,38,40,0.0001,8.13E-04,3.15E-03,0,1.87E-03,1.82E-03,0,3.58E-08,1.23E-04,3.25E-04,0,3.55E-04,1.26E-03,0,4.90E-04,3.03E-04,0,0,0.0019,7,4,0,0,0,0,0,0,0,0
16,3,9,38,70,0.0001,8.13E-04,3.15E-03,0,1.87E-03,1.82E-03,0,3.58E-08,1.23E-04,3.25E-04,0,3.55E-04,1.26E-03,0,4.90E-04,3.03E-04,0,0,0.0019,7,4,0,0,0,0,0,0,0,0
16,5,9,38,95,0.0001,8.13E-04,3.15E-03,0,1.87E-03,1.82E-03,0,3.58E-08,1.23E-04,3.25E-04,0,3.55E-04,1.26E-03,0,4.90E-04,3.03E-04,0,0,0.0019,7,4,0,0,0,0,0,0,0,0
16,7,9,38,37.5,0.0001,8.13E-04,3.15E-03,0,1.87E-03,1.82E-03,0,3.58E-08,1.23E-04,3.25E-04,0,3.55E-04,1.26E-03,0,4.90E-04,3.03E-04,0,0,0.0019,7,4,0,0,0,0,0,0,0,0
17,1,9,38,117.5,0.0001,6.44E-04,2.71E-03,0,1.70E-03,1.97E-03,0,3.58E-08,1.69E-04,3.46E-04,0,4.68E-04,1.57E-03,0,5.21E-04,2.67E-04,0,0,0.0069,7.1,4,0,0,0,0,0,0,0,0
17,2,9,38,40,0.0001,6.44E-04,2.71E-03,0,1.70E-03,1.97E-03,0,3.58E-08,1.69E-04,3.46E-04,0,4.68E-04,1.57E-03,0,5.21E-04,2.67E-04,0,0,0.0069,7.1,4,0,0,0,0,0,0,0,0
17,3,9,38,70,0.0001,6.44E-04,2.71E-03,0,1.70E-03,1.97E-03,0,3.58E-08,1.69E-04,3.46E-04,0,4.68E-04,1.57E-03,0,5.21E-04,2.67E-04,0,0,0.0069,7.1,4,0,0,0,0,0,0,0,0
17,5,9,38,95,0.0001,6.44E-04,2.71E-03,0,1.70E-03,1.97E-03,0,3.58E-08,1.69E-04,3.46E-04,0,4.68E-04,1.57E-03,0,5.21E-04,2.67E-04,0,0,0.0069,7.1,4,0,0,0,0,0,0,0,0
17,7,9,38,37.5,0.0001,6.44E-04,2.71E-03,0,1.70E-03,1.97E-03,0,3.58E-08,1.69E-04,3.46E-04,0,4.68E-04,1.57E-03,0,5.21E-04,2.67E-04,0,0,0.0069,7.1,4,0,0,0,0,0,0,0,0
18,1,9,38,117.5,0.0001,6.06E-04,1.99E-03,0,1.42E-03,1.61E-03,0,3.58E-08,1.02E-04,2.39E-04,0,4.03E-04,8.70E-04,0,3.65E-04,2.31E-04,0,0,0.0109,6.85,4,0,0,0,0,0,0,0,0
18,2,9,38,40,0.0001,6.06E-04,1.99E-03,0,1.42E-03,1.61E-03,0,3.58E-08,1.02E-04,2.39E-04,0,4.03E-04,8.70E-04,0,3.65E-04,2.31E-04,0,0,0.0109,6.85,4,0,0,0,0,0,0,0,0
18,3,9,38,70,0.0001,6.06E-04,1.99E-03,0,1.42E-03,1.61E-03,0,3.58E-08,1.02E-04,2.39E-04,0,4.03E-04,8.70E-04,0,3.65E-04,2.31E-04,0,0,0.0109,6.85,4,0,0,0,0,0,0,0,0
18,5,9,38,95,0.0001,6.06E-04,1.99E-03,0,1.42E-03,1.61E-03,0,3.58E-08,1.02E-04,2.39E-04,0,4.03E-04,8.70E-04,0,3.65E-04,2.31E-04,0,0,0.0109,6.85,4,0,0,0,0,0,0,0,0
18,7,9,38,37.5,0.0001,6.06E-04,1.99E-03,0,1.42E-03,1.61E-03,0,3.58E-08,1.02E-04,2.39E-04,0,4.03E-04,8.70E-04,0,3.65E-04,2.31E-04,0,0,0.0109,6.85,4,0,0,0,0,0,0,0,0
19,1,9,38,117.5,0.0001,6.38E-04,2.36E-03,0,1.67E-03,1.88E-03,0,3.58E-08,1.10E-04,3.09E-04,0,3.23E-04,1.13E-03,0,4.79E-04,4.27E-05,0,0,0.0117,7.1,4,0,0,0,0,0,0,0,0
19,2,9,38,40,0.0001,6.38E-04,2.36E-03,0,1.67E-03,1.88E-03,0,3.58E-08,1.10E-04,3.09E-04,0,3.23E-04,1.13E-03,0,4.79E-04,4.27E-05,0,0,0.0117,7.1,4,0,0,0,0,0,0,0,0
19,3,9,38,70,0.0001,6.38E-04,2.36E-03,0,1.67E-03,1.88E-03,0,3.58E-08,1.10E-04,3.09E-04,0,3.23E-04,1.13E-03,0,4.79E-04,4.27E-05,0,0,0.0117,7.1,4,0,0,0,0,0,0,0,0
19,5,9,38,95,0.0001,6.38E-04,2.36E-03,0,1.67E-03,1.88E-03,0,3.58E-08,1.10E-04,3.09E-04,0,3.23E-04,1.13E-03,0,4.79E-04,4.27E-05,0,0,0.0117,7.1,4,0,0,0,0,0,0,0,0
19,7,9,38,37.5,0.0001,6.38E-04,2.36E-03,0,1.67E-03,1.88E-03,0,3.58E-08,1.10E-04,3.09E-04,0,3.23E-04,1.13E-03,0,4.79E-04,4.27E-05,0,0,0.0117,7.1,4,0,0,0,0,0,0,0,0
20,1,9,38,117.5,0.0001,5.69E-04,2.29E-03,0,1.65E-03,2.06E-03,0,3.58E-08,1.25E-04,3.13E-04,0,3.23E-04,1.35E-03,0,5.00E-04,5.34E-05,0,0,0.0161,7.15,4,0,0,0,0,0,0,0,0
20,2,9,38,40,0.0001,5.69E-04,2.29E-03,0,1.65E-03,2.06E-03,0,3.58E-08,1.25E-04,3.13E-04,0,3.23E-04,1.35E-03,0,5.00E-04,5.34E-05,0,0,0.0161,7.15,4,0,0,0,0,0,0,0,0
20,3,9,38,70,0.0001,5.69E-04,2.29E-03,0,1.65E-03,2.06E-03,0,3.58E-08,1.25E-04,3.13E-04,0,3.23E-04,1.35E-03,0,5.00E-04,5.34E-05,0,0,0.0161,7.15,4,0,0,0,0,0,0,0,0
20,5,9,38,95,0.0001,5.69E-04,2.29E-03,0,1.65E-03,2.06E-03,0,3.58E-08,1.25E-04,3.13E-04,0,3.23E-04,1.35E-03,0,5.00E-04,5.34E-05,0,0,0.0161,7.15,4,0,0,0,0,0,0,0,0
20,7,9,38,37.5,0.0001,5.69E-04,2.29E-03,0,1.65E-03,2.06E-03,0,3.58E-08,1.25E-04,3.13E-04,0,3.23E-04,1.35E-03,0,5.00E-04,5.34E-05,0,0,0.0161,7.15,4,0,0,0,0,0,0,0,0
21,1,9,38,117.5,0.0001,4.25E-04,1.84E-03,0,1.42E-03,1.96E-03,0,3.58E-08,1.15E-04,2.92E-04,0,3.15E-04,1.13E-03,0,4.48E-04,5.34E-05,0,0,0.0228,6.95,4,0,0,0,0,0,0,0,0
21,2,9,38,40,0.0001,4.25E-04,1.84E-03,0,1.42E-03,1.96E-03,0,3.58E-08,1.15E-04,2.92E-04,0,3.15E-04,1.13E-03,0,4.48E-04,5.34E-05,0,0,0.0228,6.95,4,0,0,0,0,0,0,0,0
21,3,9,38,70,0.0001,4.25E-04,1.84E-03,0,1.42E-03,1.96E-03,0,3.58E-08,1.15E-04,2.92E-04,0,3.15E-04,1.13E-03,0,4.48E-04,5.34E-05,0,0,0.0228,6.95,4,0,0,0,0,0,0,0,0
21,5,9,38,95,0.0001,4.25E-04,1.84E-03,0,1.42E-03,1.96E-03,0,3.58E-08,1.15E-04,2.92E-04,0,3.15E-04,1.13E-03,0,4.48E-04,5.34E-05,0,0,0.0228,6.95,4,0,0,0,0,0,0,0,0
21,7,9,38,37.5,0.0001,4.25E-04,1.84E-03,0,1.42E-03,1.96E-03,0,3.58E-08,1.15E-04,2.92E-04,0,3.15E-04,1.13E-03,0,4.48E-04,5.34E-05,0,0,0.0228,6.95,4,0,0,0,0,0,0,0,0
22,1,9,38,117.5,0.0001,4.88E-04,1.80E-03,0,1.35E-03,1.96E-03,0,3.58E-08,1.25E-04,3.21E-04,0,2.98E-04,1.35E-03,0,5.10E-04,1.78E-05,0,0,0.0195,7.05,4,0,0,0,0,0,0,0,0
22,2,9,38,40,0.0001,4.88E-04,1.80E-03,0,1.35E-03,1.96E-03,0,3.58E-08,1.25E-04,3.21E-04,0,2.98E-04,1.35E-03,0,5.10E-04,1.78E-05,0,0,0.0195,7.05,4,0,0,0,0,0,0,0,0
22,3,9,38,70,0.0001,4.88E-04,1.80E-03,0,1.35E-03,1.96E-03,0,3.58E-08,1.25E-04,3.21E-04,0,2.98E-04,1.35E-03,0,5.10E-04,1.78E-05,0,0,0.0195,7.05,4,0,0,0,0,0,0,0,0
22,5,9,38,95,0.0001,4.88E-04,1.80E-03,0,1.35E-03,1.96E-03,0,3.58E-08,1.25E-04,3.21E-04,0,2.98E-04,1.35E-03,0,5.10E-04,1.78E-05,0,0,0.0195,7.05,4,0,0,0,0,0,0,0,0
22,7,9,38,37.5,0.0001,4.88E-04,1.80E-03,0,1.35E-03,1.96E-03,0,3.58E-08,1.25E-04,3.21E-04,0,2.98E-04,1.35E-03,0,5.10E-04,1.78E-05,0,0,0.0195,7.05,4,0,0,0,0,0,0,0,0
23,1,9,38,117.5,0.0001,3.69E-04,2.00E-03,0,1.42E-03,2.04E-03,0,3.58E-08,1.23E-04,2.96E-04,0,2.42E-04,1.26E-03,0,4.69E-04,1.35E-04,0,0,0.0215,6.9,4,0,0,0,0,0,0,0,0
23,2,9,38,40,0.0001,3.69E-04,2.00E-03,0,1.42E-03,2.04E-03,0,3.58E-08,1.23E-04,2.96E-04,0,2.42E-04,1.26E-03,0,4.69E-04,1.35E-04,0,0,0.0215,6.9,4,0,0,0,0,0,0,0,0
23,3,9,38,70,0.0001,3.69E-04,2.00E-03,0,1.42E-03,2.04E-03,0,3.58E-08,1.23E-04,2.96E-04,0,2.42E-04,1.26E-03,0,4.69E-04,1.35E-04,0,0,0.0215,6.9,4,0,0,0,0,0,0,0,0
23,5,9,38,95,0.0001,3.69E-04,2.00E-03,0,1.42E-03,2.04E-03,0,3.58E-08,1.23E-04,2.96E-04,0,2.42E-04,1.26E-03,0,4.69E-04,1.35E-04,0,0,0.0215,6.9,4,0,0,0,0,0,0,0,0
23,7,9,38,37.5,0.0001,3.69E-04,2.00E-03,0,1.42E-03,2.04E-03,0,3.58E-08,1.23E-04,2.96E-04,0,2.42E-04,1.26E-03,0,4.69E-04,1.35E-04,0,0,0.0215,6.9,4,0,0,0,0,0,0,0,0
24,1,9,38,117.5,0.0001,3.50E-04,2.23E-03,0,1.50E-03,2.46E-03,0,3.58E-08,1.61E-04,3.91E-04,0,2.42E-04,2.04E-03,0,6.77E-04,2.49E-05,0,0,0.0213,7.1,4,0,0,0,0,0,0,0,0
24,2,9,38,40,0.0001,3.50E-04,2.23E-03,0,1.50E-03,2.46E-03,0,3.58E-08,1.61E-04,3.91E-04,0,2.42E-04,2.04E-03,0,6.77E-04,2.49E-05,0,0,0.0213,7.1,4,0,0,0,0,0,0,0,0
24,3,9,38,70,0.0001,3.50E-04,2.23E-03,0,1.50E-03,2.46E-03,0,3.58E-08,1.61E-04,3.91E-04,0,2.42E-04,2.04E-03,0,6.77E-04,2.49E-05,0,0,0.0213,7.1,4,0,0,0,0,0,0,0,0
24,5,9,38,95,0.0001,3.50E-04,2.23E-03,0,1.50E-03,2.46E-03,0,3.58E-08,1.61E-04,3.91E-04,0,2.42E-04,2.04E-03,0,6.77E-04,2.49E-05,0,0,0.0213,7.1,4,0,0,0,0,0,0,0,0
24,7,9,38,37.5,0.0001,3.50E-04,2.23E-03,0,1.50E-03,2.46E-03,0,3.58E-08,1.61E-04,3.91E-04,0,2.42E-04,2.04E-03,0,6.77E-04,2.49E-05,0,0,0.0213,7.1,4,0,0,0,0,0,0,0,0
25,1,9,38,117.5,0.0001,4.94E-04,2.81E-03,0,1.87E-03,2.65E-03,0,3.58E-08,1.53E-04,3.91E-04,0,2.50E-04,2.00E-03,0,7.40E-04,3.56E-05,0,0,0.0179,6.95,4,0,0,0,0,0,0,0,0
25,2,9,38,40,0.0001,4.94E-04,2.81E-03,0,1.87E-03,2.65E-03,0,3.58E-08,1.53E-04,3.91E-04,0,2.50E-04,2.00E-03,0,7.40E-04,3.56E-05,0,0,0.0179,6.95,4,0,0,0,0,0,0,0,0
25,3,9,38,70,0.0001,4.94E-04,2.81E-03,0,1.87E-03,2.65E-03,0,3.58E-08,1.53E-04,3.91E-04,0,2.50E-04,2.00E-03,0,7.40E-04,3.56E-05,0,0,0.0179,6.95,4,0,0,0,0,0,0,0,0
25,5,9,38,95,0.0001,4.94E-04,2.81E-03,0,1.87E-03,2.65E-03,0,3.58E-08,1.53E-04,3.91E-04,0,2.50E-04,2.00E-03,0,7.40E-04,3.56E-05,0,0,0.0179,6.95,4,0,0,0,0,0,0,0,0
25,7,9,38,37.5,0.0001,4.94E-04,2.81E-03,0,1.87E-03,2.65E-03,0,3.58E-08,1.53E-04,3.91E-04,0,2.50E-04,2.00E-03,0,7.40E-04,3.56E-05,0,0,0.0179,6.95,4,0,0,0,0,0,0,0,0
26,1,9,38,117.5,0.0001,5.75E-04,2.79E-03,0,1.62E-03,1.88E-03,0,3.58E-08,1.51E-04,3.46E-04,0,3.63E-04,1.74E-03,0,6.56E-04,1.46E-04,0,0,0.0108,6.95,4,0,0,0,0,0,0,0,0
26,2,9,38,40,0.0001,5.75E-04,2.79E-03,0,1.62E-03,1.88E-03,0,3.58E-08,1.51E-04,3.46E-04,0,3.63E-04,1.74E-03,0,6.56E-04,1.46E-04,0,0,0.0108,6.95,4,0,0,0,0,0,0,0,0
26,3,9,38,70,0.0001,5.75E-04,2.79E-03,0,1.62E-03,1.88E-03,0,3.58E-08,1.51E-04,3.46E-04,0,3.63E-04,1.74E-03,0,6.56E-04,1.46E-04,0,0,0.0108,6.95,4,0,0,0,0,0,0,0,0
26,5,9,38,95,0.0001,5.75E-04,2.79E-03,0,1.62E-03,1.88E-03,0,3.58E-08,1.51E-04,3.46E-04,0,3.63E-04,1.74E-03,0,6.56E-04,1.46E-04,0,0,0.0108,6.95,4,0,0,0,0,0,0,0,0
26,7,9,38,37.5,0.0001,5.75E-04,2.79E-03,0,1.62E-03,1.88E-03,0,3.58E-08,1.51E-04,3.46E-04,0,3.63E-04,1.74E-03,0,6.56E-04,1.46E-04,0,0,0.0108,6.95,4,0,0,0,0,0,0,0,0
27,1,9,38,117.5,0.0001,6.44E-04,3.00E-03,0,1.75E-03,1.64E-03,0,3.58E-08,1.41E-04,3.25E-04,0,3.87E-04,1.26E-03,0,6.25E-04,1.46E-04,0,0,0.0083,6.8,4,0,0,0,0,0,0,0,0
27,2,9,38,40,0.0001,6.44E-04,3.00E-03,0,1.75E-03,1.64E-03,0,3.58E-08,1.41E-04,3.25E-04,0,3.87E-04,1.26E-03,0,6.25E-04,1.46E-04,0,0,0.0083,6.8,4,0,0,0,0,0,0,0,0
27,3,9,38,70,0.0001,6.44E-04,3.00E-03,0,1.75E-03,1.64E-03,0,3.58E-08,1.41E-04,3.25E-04,0,3.87E-04,1.26E-03,0,6.25E-04,1.46E-04,0,0,0.0083,6.8,4,0,0,0,0,0,0,0,0
27,5,9,38,95,0.0001,6.44E-04,3.00E-03,0,1.75E-03,1.64E-03,0,3.58E-08,1.41E-04,3.25E-04,0,3.87E-04,1.26E-03,0,6.25E-04,1.46E-04,0,0,0.0083,6.8,4,0,0,0,0,0,0,0,0
27,7,9,38,37.5,0.0001,6.44E-04,3.00E-03,0,1.75E-03,1.64E-03,0,3.58E-08,1.41E-04,3.25E-04,0,3.87E-04,1.26E-03,0,6.25E-04,1.46E-04,0,0,0.0083,6.8,4,0,0,0,0,0,0,0,0
28,1,9,38,117.5,0.0001,6.50E-04,2.29E-03,0,1.50E-03,1.68E-03,0,3.58E-08,1.48E-04,2.76E-04,0,4.52E-04,1.04E-03,0,4.58E-04,1.46E-04,0,0,0.0082,6.75,4,0,0,0,0,0,0,0,0
28,2,9,38,40,0.0001,6.50E-04,2.29E-03,0,1.50E-03,1.68E-03,0,3.58E-08,1.48E-04,2.76E-04,0,4.52E-04,1.04E-03,0,4.58E-04,1.46E-04,0,0,0.0082,6.75,4,0,0,0,0,0,0,0,0
28,3,9,38,70,0.0001,6.50E-04,2.29E-03,0,1.50E-03,1.68E-03,0,3.58E-08,1.48E-04,2.76E-04,0,4.52E-04,1.04E-03,0,4.58E-04,1.46E-04,0,0,0.0082,6.75,4,0,0,0,0,0,0,0,0
28,5,9,38,95,0.0001,6.50E-04,2.29E-03,0,1.50E-03,1.68E-03,0,3.58E-08,1.48E-04,2.76E-04,0,4.52E-04,1.04E-03,0,4.58E-04,1.46E-04,0,0,0.0082,6.75,4,0,0,0,0,0,0,0,0
28,7,9,38,37.5,0.0001,6.50E-04,2.29E-03,0,1.50E-03,1.68E-03,0,3.58E-08,1.48E-04,2.76E-04,0,4.52E-04,1.04E-03,0,4.58E-04,1.46E-04,0,0,0.0082,6.75,4,0,0,0,0,0,0,0,0
29,1,9,38,117.5,0.0001,7.50E-04,2.28E-03,0,1.52E-03,1.83E-03,0,3.58E-08,1.07E-04,2.39E-04,0,4.03E-04,1.09E-03,0,3.54E-04,1.46E-04,0,0,0.009,6.85,4,0,0,0,0,0,0,0,0
29,2,9,38,40,0.0001,7.50E-04,2.28E-03,0,1.52E-03,1.83E-03,0,3.58E-08,1.07E-04,2.39E-04,0,4.03E-04,1.09E-03,0,3.54E-04,1.46E-04,0,0,0.009,6.85,4,0,0,0,0,0,0,0,0
29,3,9,38,70,0.0001,7.50E-04,2.28E-03,0,1.52E-03,1.83E-03,0,3.58E-08,1.07E-04,2.39E-04,0,4.03E-04,1.09E-03,0,3.54E-04,1.46E-04,0,0,0.009,6.85,4,0,0,0,0,0,0,0,0
29,5,9,38,95,0.0001,7.50E-04,2.28E-03,0,1.52E-03,1.83E-03,0,3.58E-08,1.07E-04,2.39E-04,0,4.03E-04,1.09E-03,0,3.54E-04,1.46E-04,0,0,0.009,6.85,4,0,0,0,0,0,0,0,0
29,7,9,38,37.5,0.0001,7.50E-04,2.28E-03,0,1.52E-03,1.83E-03,0,3.58E-08,1.07E-04,2.39E-04,0,4.03E-04,1.09E-03,0,3.54E-04,1.46E-04,0,0,0.009,6.85,4,0,0,0,0,0,0,0,0
30,1,9,38,117.5,0.0001,6.19E-04,2.71E-03,0,1.82E-03,1.92E-03,0,3.58E-08,1.94E-04,3.21E-04,0,5.48E-04,1.26E-03,0,5.31E-04,1.46E-04,0,0,0.009,6.95,4,0,0,0,0,0,0,0,0
30,2,9,38,40,0.0001,6.19E-04,2.71E-03,0,1.82E-03,1.92E-03,0,3.58E-08,1.94E-04,3.21E-04,0,5.48E-04,1.26E-03,0,5.31E-04,1.46E-04,0,0,0.009,6.95,4,0,0,0,0,0,0,0,0
30,3,9,38,70,0.0001,6.19E-04,2.71E-03,0,1.82E-03,1.92E-03,0,3.58E-08,1.94E-04,3.21E-04,0,5.48E-04,1.26E-03,0,5.31E-04,1.46E-04,0,0,0.009,6.95,4,0,0,0,0,0,0,0,0
30,5,9,38,95,0.0001,6.19E-04,2.71E-03,0,1.82E-03,1.92E-03,0,3.58E-08,1.94E-04,3.21E-04,0,5.48E-04,1.26E-03,0,5.31E-04,1.46E-04,0,0,0.009,6.95,4,0,0,0,0,0,0,0,0
30,7,9,38,37.5,0.0001,6.19E-04,2.71E-03,0,1.82E-03,1.92E-03,0,3.58E-08,1.94E-04,3.21E-04,0,5.48E-04,1.26E-03,0,5.31E-04,1.46E-04,0,0,0.009,6.95,4,0,0,0,0,0,0,0,0
31,1,9,38,117.5,0.0001,6.25E-04,2.23E-03,0,1.55E-03,1.89E-03,0,3.58E-08,1.20E-04,3.09E-04,0,4.19E-04,1.13E-03,0,4.58E-04,1.46E-04,0,0,0.0095,6.85,4,0,0,0,0,0,0,0,0
31,2,9,38,40,0.0001,6.25E-04,2.23E-03,0,1.55E-03,1.89E-03,0,3.58E-08,1.20E-04,3.09E-04,0,4.19E-04,1.13E-03,0,4.58E-04,1.46E-04,0,0,0.0095,6.85,4,0,0,0,0,0,0,0,0
31,3,9,38,70,0.0001,6.25E-04,2.23E-03,0,1.55E-03,1.89E-03,0,3.58E-08,1.20E-04,3.09E-04,0,4.19E-04,1.13E-03,0,4.58E-04,1.46E-04,0,0,0.0095,6.85,4,0,0,0,0,0,0,0,0
31,5,9,38,95,0.0001,6.25E-04,2.23E-03,0,1.55E-03,1.89E-03,0,3.58E-08,1.20E-04,3.09E-04,0,4.19E-04,1.13E-03,0,4.58E-04,1.46E-04,0,0,0.0095,6.85,4,0,0,0,0,0,0,0,0
31,7,9,38,37.5,0.0001,6.25E-04,2.23E-03,0,1.55E-03,1.89E-03,0,3.58E-08,1.20E-04,3.09E-04,0,4.19E-04,1.13E-03,0,4.58E-04,1.46E-04,0,0,0.0095,6.85,4,0,0,0,0,0,0,0,0
32,1,9,38,117.5,0.0001,3.88E-04,2.04E-03,0,1.32E-03,0.0015821,0,3.58E-08,1.02E-04,2.51E-04,0,3.55E-04,1.04E-03,0,3.85E-04,1.46E-04,0,0,0.0183,6.85,4,0,0,0,0,0,0,0,0
32,2,9,38,40,0.0001,3.88E-04,2.04E-03,0,1.32E-03,0.0015821,0,3.58E-08,1.02E-04,2.51E-04,0,3.55E-04,1.04E-03,0,3.85E-04,1.46E-04,0,0,0.0183,6.85,4,0,0,0,0,0,0,0,0
32,3,9,38,70,0.0001,3.88E-04,2.04E-03,0,1.32E-03,0.0015821,0,3.58E-08,1.02E-04,2.51E-04,0,3.55E-04,1.04E-03,0,3.85E-04,1.46E-04,0,0,0.0183,6.85,4,0,0,0,0,0,0,0,0
32,5,9,38,95,0.0001,3.88E-04,2.04E-03,0,1.32E-03,0.0015821,0,3.58E-08,1.02E-04,2.51E-04,0,3.55E-04,1.04E-03,0,3.85E-04,1.46E-04,0,0,0.0183,6.85,4,0,0,0,0,0,0,0,0
32,7,9,38,37.5,0.0001,3.88E-04,2.04E-03,0,1.32E-03,0.0015821,0,3.58E-08,1.02E-04,2.51E-04,0,3.55E-04,1.04E-03,0,3.85E-04,1.46E-04,0,0,0.0183,6.85,4,0,0,0,0,0,0,0,0
33,1,9,38,117.5,0.0001,3.81E-04,2.28E-03,0,1.52E-03,1.83E-03,0,3.58E-08,1.05E-04,3.17E-04,0,3.15E-04,1.13E-03,0,4.58E-04,1.46E-04,0,0,0.0198,6.95,4,0,0,0,0,0,0,0,0
33,2,9,38,40,0.0001,3.81E-04,2.28E-03,0,1.52E-03,1.83E-03,0,3.58E-08,1.05E-04,3.17E-04,0,3.15E-04,1.13E-03,0,4.58E-04,1.46E-04,0,0,0.0198,6.95,4,0,0,0,0,0,0,0,0
33,3,9,38,70,0.0001,3.81E-04,2.28E-03,0,1.52E-03,1.83E-03,0,3.58E-08,1.05E-04,3.17E-04,0,3.15E-04,1.13E-03,0,4.58E-04,1.46E-04,0,0,0.0198,6.95,4,0,0,0,0,0,0,0,0
33,5,9,38,95,0.0001,3.81E-04,2.28E-03,0,1.52E-03,1.83E-03,0,3.58E-08,1.05E-04,3.17E-04,0,3.15E-04,1.13E-03,0,4.58E-04,1.46E-04,0,0,0.0198,6.95,4,0,0,0,0,0,0,0,0
33,7,9,38,37.5,0.0001,3.81E-04,2.28E-03,0,1.52E-03,1.83E-03,0,3.58E-08,1.05E-04,3.17E-04,0,3.15E-04,1.13E-03,0,4.58E-04,1.46E-04,0,0,0.0198,6.95,4,0,0,0,0,0,0,0,0
34,1,9,38,117.5,0.0001,5.13E-04,2.14E-03,0,1.52E-03,1.84E-03,0,3.58E-08,1.33E-04,3.00E-04,0,3.31E-04,1.26E-03,0,5.10E-04,1.46E-04,0,0,0.0196,7.1,4,0,0,0,0,0,0,0,0
34,2,9,38,40,0.0001,5.13E-04,2.14E-03,0,1.52E-03,1.84E-03,0,3.58E-08,1.33E-04,3.00E-04,0,3.31E-04,1.26E-03,0,5.10E-04,1.46E-04,0,0,0.0196,7.1,4,0,0,0,0,0,0,0,0
34,3,9,38,70,0.0001,5.13E-04,2.14E-03,0,1.52E-03,1.84E-03,0,3.58E-08,1.33E-04,3.00E-04,0,3.31E-04,1.26E-03,0,5.10E-04,1.46E-04,0,0,0.0196,7.1,4,0,0,0,0,0,0,0,0
34,5,9,38,95,0.0001,5.13E-04,2.14E-03,0,1.52E-03,1.84E-03,0,3.58E-08,1.33E-04,3.00E-04,0,3.31E-04,1.26E-03,0,5.10E-04,1.46E-04,0,0,0.0196,7.1,4,0,0,0,0,0,0,0,0
34,7,9,38,37.5,0.0001,5.13E-04,2.14E-03,0,1.52E-03,1.84E-03,0,3.58E-08,1.33E-04,3.00E-04,0,3.31E-04,1.26E-03,0,5.10E-04,1.46E-04,0,0,0.0196,7.1,4,0,0,0,0,0,0,0,0
35,1,9,38,156.7,0.0001,5.19E-04,2.27E-03,0,1.57E-03,2.34E-03,0,3.58E-08,1.46E-04,3.37E-04,0,3.47E-04,1.70E-03,0,5.63E-04,1.46E-04,0,0,0.0208,6.95,4,0,0,0,0,0,0,0,0
35,2,9,38,53.3,0.0001,5.19E-04,2.27E-03,0,1.57E-03,2.34E-03,0,3.58E-08,1.46E-04,3.37E-04,0,3.47E-04,1.70E-03,0,5.63E-04,1.46E-04,0,0,0.0208,6.95,4,0,0,0,0,0,0,0,0
35,3,9,38,93.3,0.0001,5.19E-04,2.27E-03,0,1.57E-03,2.34E-03,0,3.58E-08,1.46E-04,3.37E-04,0,3.47E-04,1.70E-03,0,5.63E-04,1.46E-04,0,0,0.0208,6.95,4,0,0,0,0,0,0,0,0
35,5,9,38,126.6,0.0001,5.19E-04,2.27E-03,0,1.57E-03,2.34E-03,0,3.58E-08,1.46E-04,3.37E-04,0,3.47E-04,1.70E-03,0,5.63E-04,1.46E-04,0,0,0.0208,6.95,4,0,0,0,0,0,0,0,0
35,7,9,38,50,0.0001,5.19E-04,2.27E-03,0,1.57E-03,2.34E-03,0,3.58E-08,1.46E-04,3.37E-04,0,3.47E-04,1.70E-03,0,5.63E-04,1.46E-04,0,0,0.0208,6.95,4,0,0,0,0,0,0,0,0
36,1,9,38,156.7,0.0001,5.25E-04,2.39E-03,0,1.60E-03,2.30E-03,0,3.58E-08,1.79E-04,3.33E-04,0,3.47E-04,1.83E-03,0,6.35E-04,1.46E-04,0,0,0.0188,6.95,4,0,0,0,0,0,0,0,0
36,2,9,38,53.3,0.0001,5.25E-04,2.39E-03,0,1.60E-03,2.30E-03,0,3.58E-08,1.79E-04,3.33E-04,0,3.47E-04,1.83E-03,0,6.35E-04,1.46E-04,0,0,0.0188,6.95,4,0,0,0,0,0,0,0,0
36,3,9,38,93.3,0.0001,5.25E-04,2.39E-03,0,1.60E-03,2.30E-03,0,3.58E-08,1.79E-04,3.33E-04,0,3.47E-04,1.83E-03,0,6.35E-04,1.46E-04,0,0,0.0188,6.95,4,0,0,0,0,0,0,0,0
36,5,9,38,126.6,0.0001,5.25E-04,2.39E-03,0,1.60E-03,2.30E-03,0,3.58E-08,1.79E-04,3.33E-04,0,3.47E-04,1.83E-03,0,6.35E-04,1.46E-04,0,0,0.0188,6.95,4,0,0,0,0,0,0,0,0
36,7,9,38,50,0.0001,5.25E-04,2.39E-03,0,1.60E-03,2.30E-03,0,3.58E-08,1.79E-04,3.33E-04,0,3.47E-04,1.83E-03,0,6.35E-04,1.46E-04,0,0,0.0188,6.95,4,0,0,0,0,0,0,0,0
37,1,9,38,156.7,0.0001,6.50E-04,2.28E-03,0,1.57E-03,1.99E-03,0,3.58E-08,1.51E-04,3.42E-04,0,4.35E-04,1.26E-03,0,5.42E-04,1.46E-04,0,0,0.0127,6.8,4,0,0,0,0,0,0,0,0
37,2,9,38,53.3,0.0001,6.50E-04,2.28E-03,0,1.57E-03,1.99E-03,0,3.58E-08,1.51E-04,3.42E-04,0,4.35E-04,1.26E-03,0,5.42E-04,1.46E-04,0,0,0.0127,6.8,4,0,0,0,0,0,0,0,0
37,3,9,38,93.3,0.0001,6.50E-04,2.28E-03,0,1.57E-03,1.99E-03,0,3.58E-08,1.51E-04,3.42E-04,0,4.35E-04,1.26E-03,0,5.42E-04,1.46E-04,0,0,0.0127,6.8,4,0,0,0,0,0,0,0,0
37,5,9,38,126.6,0.0001,6.50E-04,2.28E-03,0,1.57E-03,1.99E-03,0,3.58E-08,1.51E-04,3.42E-04,0,4.35E-04,1.26E-03,0,5.42E-04,1.46E-04,0,0,0.0127,6.8,4,0,0,0,0,0,0,0,0
37,7,9,38,50,0.0001,6.50E-04,2.28E-03,0,1.57E-03,1.99E-03,0,3.58E-08,1.51E-04,3.42E-04,0,4.35E-04,1.26E-03,0,5.42E-04,1.46E-04,0,0,0.0127,6.8,4,0,0,0,0,0,0,0,0
38,1,9,38,156.7,0.0001,6.81E-04,1.67E-03,0,1.20E-03,1.56E-03,0,3.58E-08,1.41E-04,2.47E-04,0,3.79E-04,1.00E-03,0,4.17E-04,1.46E-04,0,0,0.0089,6.8,4,0,0,0,0,0,0,0,0
38,2,9,38,53.3,0.0001,6.81E-04,1.67E-03,0,1.20E-03,1.56E-03,0,3.58E-08,1.41E-04,2.47E-04,0,3.79E-04,1.00E-03,0,4.17E-04,1.46E-04,0,0,0.0089,6.8,4,0,0,0,0,0,0,0,0
38,3,9,38,93.3,0.0001,6.81E-04,1.67E-03,0,1.20E-03,1.56E-03,0,3.58E-08,1.41E-04,2.47E-04,0,3.79E-04,1.00E-03,0,4.17E-04,1.46E-04,0,0,0.0089,6.8,4,0,0,0,0,0,0,0,0
38,5,9,38,126.6,0.0001,6.81E-04,1.67E-03,0,1.20E-03,1.56E-03,0,3.58E-08,1.41E-04,2.47E-04,0,3.79E-04,1.00E-03,0,4.17E-04,1.46E-04,0,0,0.0089,6.8,4,0,0,0,0,0,0,0,0
38,7,9,38,50,0.0001,6.81E-04,1.67E-03,0,1.20E-03,1.56E-03,0,3.58E-08,1.41E-04,2.47E-04,0,3.79E-04,1.00E-03,0,4.17E-04,1.46E-04,0,0,0.0089,6.8,4,0,0,0,0,0,0,0,0
